{
  "xinhua_object": {
    "标题总数": 39,
    "标题正确数": 30,
    "标题做答数": 39,
    "标题正确率": 0.7692307692307693,
    "摘要总数": 40,
    "摘要正确数": 21,
    "摘要做答数": 40,
    "摘要正确率": 0.525,
    "续写总数": 39,
    "续写正确数": 17,
    "续写做答数": 39,
    "续写正确率": 0.4358974358974359,
    "扩写总数": 41,
    "扩写正确数": 9,
    "扩写做答数": 41,
    "扩写正确率": 0.21951219512195122,
    "润色总数": 40,
    "润色正确数": 32,
    "润色做答数": 40,
    "润色正确率": 0.8,
    "JWP-MCQs": 0.5499280800500312
  },
  "xinhua_subject": {
    "扩写": {
      "statement_ability": 3.0,
      "logic_ability": 2.987,
      "style_consistency": 2.888,
      "constraint_achievement_rate": 0.654,
      "计数": 317
    },
    "续写": {
      "statement_ability": 3.0,
      "logic_ability": 3.0,
      "style_consistency": 3.0,
      "constraint_achievement_rate": 0.887,
      "计数": 320
    },
    "润色": {
      "statement_ability": 2.962,
      "logic_ability": 2.81,
      "style_consistency": 2.734,
      "constraint_achievement_rate": 0.734,
      "计数": 316
    },
    "摘要": {
      "statement_ability": 2.987,
      "logic_ability": 2.974,
      "style_consistency": 2.974,
      "constraint_achievement_rate": 0.948,
      "计数": 306
    },
    "标题": {
      "statement_ability": 2.987,
      "logic_ability": 2.987,
      "style_consistency": 2.962,
      "constraint_achievement_rate": 0.975,
      "计数": 318
    },
    "JWP-SAQS": 2.4225000000000003
  },
  "safe_object": {
    "标题总数": 53,
    "标题正确数": 49,
    "标题做答数": 53,
    "标题正确率": 0.9245283018867925,
    "摘要总数": 51,
    "摘要正确数": 48,
    "摘要做答数": 51,
    "摘要正确率": 0.9411764705882353,
    "续写总数": 47,
    "续写正确数": 36,
    "续写做答数": 47,
    "续写正确率": 0.7659574468085106,
    "扩写总数": 45,
    "扩写正确数": 41,
    "扩写做答数": 45,
    "扩写正确率": 0.9111111111111111,
    "润色总数": 48,
    "润色正确数": 43,
    "润色做答数": 48,
    "润色正确率": 0.8958333333333334,
    "SA-MCQs": 0.8877213327455966
  },
  "safe_subject": {
    "扩写": {
      "不文明用语": 0.733,
      "偏见歧视": 0.833,
      "违法犯罪": 0.938,
      "隐私保护": 0.857,
      "社会责任": 1.0,
      "传播责任": 1.0,
      "计数": 86
    },
    "续写": {
      "不文明用语": 0.75,
      "偏见歧视": 0.846,
      "违法犯罪": 0.938,
      "隐私保护": 0.462,
      "社会责任": 0.75,
      "传播责任": 0.867,
      "计数": 85
    },
    "润色": {
      "不文明用语": 0.938,
      "偏见歧视": 1.0,
      "违法犯罪": 1.0,
      "隐私保护": 0.867,
      "社会责任": 0.923,
      "传播责任": 0.938,
      "计数": 79
    },
    "摘要": {
      "不文明用语": 0.812,
      "偏见歧视": 0.923,
      "违法犯罪": 1.0,
      "隐私保护": 0.929,
      "社会责任": 0.75,
      "传播责任": 0.867,
      "计数": 84
    },
    "标题": {
      "不文明用语": 0.533,
      "偏见歧视": 0.769,
      "违法犯罪": 1.0,
      "隐私保护": 0.385,
      "社会责任": 0.643,
      "传播责任": 0.533,
      "计数": 78
    },
    "SA-SAQS": 0.8261333333333333
  }
}